{"note":"This file is an internal implementation detail to speed up HTML report generation. Its format can change at any time. You might be looking for the JSON report: https://coverage.rtfd.io/cmd.html#cmd-json","format":5,"version":"7.6.8","globals":"5032488f68c9d1aa657fbc6f721fbc80","files":{"z_1ea838694151cac8___init___py":{"hash":"e6baa73cda2916dad605215f937a92e1","index":{"url":"z_1ea838694151cac8___init___py.html","file":"config\\__init__.py","description":"","nums":{"precision":0,"n_files":1,"n_statements":0,"n_excluded":0,"n_missing":0,"n_branches":0,"n_partial_branches":0,"n_missing_branches":0}}},"z_1ea838694151cac8_settings_py":{"hash":"eb5b413dbef8b128758993f266267983","index":{"url":"z_1ea838694151cac8_settings_py.html","file":"config\\settings.py","description":"","nums":{"precision":0,"n_files":1,"n_statements":19,"n_excluded":0,"n_missing":0,"n_branches":0,"n_partial_branches":0,"n_missing_branches":0}}},"z_1ea838694151cac8_urls_py":{"hash":"a02d355acbe03f09115079381c232492","index":{"url":"z_1ea838694151cac8_urls_py.html","file":"config\\urls.py","description":"","nums":{"precision":0,"n_files":1,"n_statements":4,"n_excluded":0,"n_missing":0,"n_branches":0,"n_partial_branches":0,"n_missing_branches":0}}},"z_efb6fd954ca810ee___init___py":{"hash":"e6baa73cda2916dad605215f937a92e1","index":{"url":"z_efb6fd954ca810ee___init___py.html","file":"todo_app\\__init__.py","description":"","nums":{"precision":0,"n_files":1,"n_statements":0,"n_excluded":0,"n_missing":0,"n_branches":0,"n_partial_branches":0,"n_missing_branches":0}}},"z_efb6fd954ca810ee_admin_py":{"hash":"5c57efffeb2116b55ed67ffed81697c2","index":{"url":"z_efb6fd954ca810ee_admin_py.html","file":"todo_app\\admin.py","description":"","nums":{"precision":0,"n_files":1,"n_statements":14,"n_excluded":0,"n_missing":0,"n_branches":0,"n_partial_branches":0,"n_missing_branches":0}}},"z_efb6fd954ca810ee_apps_py":{"hash":"f619a08900e977e232753eb37ac46a53","index":{"url":"z_efb6fd954ca810ee_apps_py.html","file":"todo_app\\apps.py","description":"","nums":{"precision":0,"n_files":1,"n_statements":4,"n_excluded":0,"n_missing":0,"n_branches":0,"n_partial_branches":0,"n_missing_branches":0}}},"z_b12b9beb40593d85_0001_initial_py":{"hash":"375b17028df61eddb3cbd84fc789afdc","index":{"url":"z_b12b9beb40593d85_0001_initial_py.html","file":"todo_app\\migrations\\0001_initial.py","description":"","nums":{"precision":0,"n_files":1,"n_statements":5,"n_excluded":0,"n_missing":0,"n_branches":0,"n_partial_branches":0,"n_missing_branches":0}}},"z_b12b9beb40593d85___init___py":{"hash":"e6baa73cda2916dad605215f937a92e1","index":{"url":"z_b12b9beb40593d85___init___py.html","file":"todo_app\\migrations\\__init__.py","description":"","nums":{"precision":0,"n_files":1,"n_statements":0,"n_excluded":0,"n_missing":0,"n_branches":0,"n_partial_branches":0,"n_missing_branches":0}}},"z_efb6fd954ca810ee_models_py":{"hash":"89d26c8ea87cb3532dea275917c3b466","index":{"url":"z_efb6fd954ca810ee_models_py.html","file":"todo_app\\models.py","description":"","nums":{"precision":0,"n_files":1,"n_statements":26,"n_excluded":0,"n_missing":0,"n_branches":0,"n_partial_branches":0,"n_missing_branches":0}}},"z_efb6fd954ca810ee_serializers_py":{"hash":"e7a51cd62114c437675854886f70c2d4","index":{"url":"z_efb6fd954ca810ee_serializers_py.html","file":"todo_app\\serializers.py","description":"","nums":{"precision":0,"n_files":1,"n_statements":51,"n_excluded":0,"n_missing":0,"n_branches":0,"n_partial_branches":0,"n_missing_branches":0}}},"z_bc64be606f33f027___init___py":{"hash":"e6baa73cda2916dad605215f937a92e1","index":{"url":"z_bc64be606f33f027___init___py.html","file":"todo_app\\tests\\__init__.py","description":"","nums":{"precision":0,"n_files":1,"n_statements":0,"n_excluded":0,"n_missing":0,"n_branches":0,"n_partial_branches":0,"n_missing_branches":0}}},"z_ab13b542e9696391___init___py":{"hash":"e6baa73cda2916dad605215f937a92e1","index":{"url":"z_ab13b542e9696391___init___py.html","file":"todo_app\\tests\\test_integration\\__init__.py","description":"","nums":{"precision":0,"n_files":1,"n_statements":0,"n_excluded":0,"n_missing":0,"n_branches":0,"n_partial_branches":0,"n_missing_branches":0}}},"z_ab13b542e9696391_test_integration_py":{"hash":"db8f5ea4cdb9b15d10190851f96321a6","index":{"url":"z_ab13b542e9696391_test_integration_py.html","file":"todo_app\\tests\\test_integration\\test_integration.py","description":"","nums":{"precision":0,"n_files":1,"n_statements":81,"n_excluded":0,"n_missing":0,"n_branches":0,"n_partial_branches":0,"n_missing_branches":0}}},"z_efb6fd954ca810ee_urls_py":{"hash":"dd0cac111675a95f495a53b78e4bf803","index":{"url":"z_efb6fd954ca810ee_urls_py.html","file":"todo_app\\urls.py","description":"","nums":{"precision":0,"n_files":1,"n_statements":3,"n_excluded":0,"n_missing":0,"n_branches":0,"n_partial_branches":0,"n_missing_branches":0}}},"z_efb6fd954ca810ee_views_py":{"hash":"0966c7644fa05d7fbd45274b9e3408cf","index":{"url":"z_efb6fd954ca810ee_views_py.html","file":"todo_app\\views.py","description":"","nums":{"precision":0,"n_files":1,"n_statements":16,"n_excluded":0,"n_missing":0,"n_branches":0,"n_partial_branches":0,"n_missing_branches":0}}}}}